IME,VOKATIV
Aca,Aco
Aco,Aco
Adam,Adame
Adelina,Adelina
Adrian,Adriane
Adrijana,Adrijana
Agaton,Agatone
Agnica,Agnice
Agnija,Agnija
Aksa,Akso
Aksentije,Aksentije
Akso,Akso
Aleks,Aleks
Aleksa,Aleksa
Alex,Aleks
Aleksandar,Aleksandre
Aleksandra,Aleksandra
Aleksej,Aleksej
Aleksija,Aleksija
Aleksije,Aleksije
Alimpije,Alimpije
Ana,Ana
Anja,Anja
Anastasija,Anastasija
Anda,Anda
Andra,Andro
Andrea,Andrea
Andrej,Andrej
Andreja,Andreja
Andrija,Andrija
Andrijana,Andrijana
Andrijaš,Andrijaše
Andro,Andro
Andronik,Androniče
Angelina,Angelina
Anica,Anice
Anka,Anka
Ankica,Ankice
Anta,Anto
Anto,Anto
Antonija,Antonija
Antonije,Antonije
Antonina,Antonina
Anđa,Anđo
Anđela,Anđela
Anđelija,Anđelija
Anđelka,Anđelka
Anđelko,Anđelko
Anđelo,Anđelo
Aranđel,Aranđele
Arman,Armane
Arpad,Arpade
Arsa,Arso
Arsen,Arsene
Arsenije,Arsenije
Arso,Arso
Atanacko,Atanacko
Atanasija,Atanasija
Atanasije,Atanasije
Avakum,Avakume
Avdula,Avdula
Avram,Avrame
Aćim,Aćime
Bajko,Bajko
Bajo,Bajo
Bajčeta,Bajčeta
Balša,Balša
Bane,Bane
Batrić,Batriću
Berisav,Berisave
Berislav,Berislave
Berislava,Berislava
Beriša,Beriša
Berko,Berko
Biljan,Biljane
Biljana,Biljana
Bisenija,Bisenija
Biserka,Biserka
Biserko,Biserko
Blagica,Blagice
Blaginja,Blaginja
Blagoja,Blagoja
Blagoje,Blagoje
Blagojka,Blagojka
Blagomir,Blagomire
Blagota,Blagota
Blaško,Blaško
Blaža,Blažo
Blaže,Blaže
Blažen,Blažene
Blaženka,Blaženka
Blažeta,Blažeta
Blažimir,Blažimire
Blažo,Blažo
Boban,Bobane
Bobana,Bobana
Bobiša,Bobiša
Bogdan,Bogdane
Bogdana,Bogdana
Bogdanka,Bogdanka
Bogelj,Bogelju
Bogić,Bogiću
Bogiša,Bogiša
Boginja,Boginja
Bogoboj,Bogoboju
Bogoje,Bogoje
Bogoljub,Bogoljube
Bogomir,Bogomire
Bogosav,Bogosave
Bogoslav,Bogoslave
Boica,Boice
Boin,Boine
Boja,Bojo
Bojan,Bojane
Bojana,Bojana
Bojka,Bojka
Bojko,Bojko
Bojo,Bojo
Bojčeta,Bojčeta
Bora,Boro
Boran,Borane
Borica,Borice
Borika,Borika
Boris,Borise
Borisav,Borisave
Borislav,Borislave
Borislava,Borislava
Borislavka,Borislavka
Borivoj,Borivoju
Borivoje,Borivoje
Boriša,Boriša
Borjana,Borjana
Borjanka,Borjanka
Borka,Borka
Borko,Borko
Boro,Boro
Boroje,Boroje
Bosa,Boso
Bosanka,Bosanka
Bosiljka,Bosiljka
Bosna,Bosna
Boško,Boško
Boža,Božo
Božana,Božana
Božica,Božice
Božidar,Božidare
Božidarka,Božidarka
Božin,Božine
Božina,Božina
Božinka,Božinka
Božićko,Božićko
Božo,Božo
Božur,Božure
Bracan,Bracane
Brajan,Brajane
Brajica,Brajice
Brana,Brano
Brane,Brane
Branimir,Branimire
Branisav,Branisave
Branislav,Branislave
Branislava,Branislava
Branislavka,Branislavka
Branivoj,Branivoju
Branivoje,Branivoje
Braniša,Braniša
Branka,Branka
Brankica,Brankice
Branko,Branko
Brano,Brano
Bratimir,Bratimire
Bratislav,Bratislave
Bratislava,Bratislava
Bratoljub,Bratoljube
Bratovan,Bratovane
Brnča,Brnča
Buda,Budo
Budimir,Budimire
Budimirka,Budimirka
Budimka,Budimka
Budisav,Budisave
Budislav,Budislave
Budislava,Budislava
Budislavka,Budislavka
Caja,Cajo
Cajka,Cajka
Caka,Cako
Cakan,Cakane
Cakana,Cakana
Caki,Caki
Cana,Cano
Cane,Cane
Ceca,Ceco
Cmilja,Cmiljo
Cmiljana,Cmiljana
Cmiljka,Cmiljka
Curko,Curko
Cveja,Cvejo
Cvejan,Cvejane
Cveta,Cveto
Cvetan,Cvetane
Cvetana,Cvetana
Cvetanka,Cvetanka
Cvetin,Cvetine
Cvetko,Cvetko
Cvetoje,Cvetoje
Cvetomir,Cvetomire
Cvetoš,Cvetoše
Cvija,Cvijo
Cvijan,Cvijane
Cvijeta,Cvijeto
Cvijetin,Cvijetine
Cvijo,Cvijo
Cviko,Cviko
Cvjetan,Cvjetane
Cvjetko,Cvjetko
Cvjetoje,Cvjetoje
Cvjetoš,Cvjetoše
Čarna,Čarna
Časlav,Časlave
Časlavka,Časlavka
Čeda,Čedo
Čedo,Čedo
Čedomir,Čedomire
Čedomirka,Čedomirka
Čubrilo,Čubrilo
Ćana,Ćano
Ćanka,Ćanka
Ćerana,Ćerana
Ćetko,Ćetko
Ćile,Ćile
Ćira,Ćiro
Ćirilo,Ćirilo
Ćirjak,Ćirjače
Ćirka,Ćirka
Ćirko,Ćirko
Ćiro,Ćiro
Ćuba,Ćubo
Dabiša,Dabiša
Dabiživ,Dabižive
Dabo,Dabo
Dafina,Dafina
Dajana,Dajana
Dalibor,Dalibore
Daliborka,Daliborka
Damir,Damire
Damjan,Damjane
Damjanka,Damjanka
Damljan,Damljane
Damljanka,Damljanka
Damnjan,Damnjane
Dana,Dano
Dane,Dane
Danica,Danice
Danijel,Danijele
Danijela,Danijela
Danilo,Danilo
Danka,Danka
Danko,Danko
Danojla,Danojla
Danojlo,Danojlo
Dančul,Dančule
Dara,Daro
Daria,Daria
Darija,Darija
Darije,Darije
Darijo,Darijo
Darinka,Darinka
Dario,Dario
Darjan,Darjane
Darka,Darka
Darko,Darko
David,Davide
Davor,Davore
Davorjanka,Davorjanka
Davorka,Davorka
Daša,Dašo
Dejan,Dejane
Dejana,Dejana
Delivoje,Delivoje
Desa,Deso
Desanka,Desanka
Desimir,Desimire
Desimirka,Desimirka
Despina,Despina
Despinja,Despinja
Despot,Despote
Dea,Dea
Deva,Devo
Dikosava,Dikosava
Dimitrije,Dimitrije
Dimčo,Dimčo
Dino,Dino
Dionisije,Dionisije
Divna,Divna
Dmitar,Dmitre
Dimitra,Dimitra
Dobrašin,Dobrašine
Dobrica,Dobrice
Dobrija,Dobrija
Dobrila,Dobrila
Dobrilo,Dobrilo
Dobrina,Dobrina
Dobrinka,Dobrinka
Dobrinko,Dobrinko
Dobrisav,Dobrisave
Dobrislav,Dobrislave
Dobrivoj,Dobrivoj
Dobrivoje,Dobrivoje
Dobrosav,Dobrosave
Dobrosava,Dobrosava
Dobrosavka,Dobrosavka
Dobroslav,Dobroslave
Dobroslava,Dobroslava
Dobroslavka,Dobroslavka
Dobrovuk,Dobrovuče
Dojčilo,Dojčilo
Dojčin,Dojčine
Dokna,Dokna
Doko,Doko
Dora,Dora
Doris,Dorise
Dorotej,Doroteju
Doroteja,Doroteja
Dositej,Dositeju
Dostana,Dostana
Draga,Draga
Dragan,Dragane
Dragana,Dragana
Dragaš,Dragaše
Dragi,Dragi
Dragica,Dragice
Dragija,Dragija
Draginja,Draginja
Dragisav,Dragisave
Dragislav,Dragislave
Dragić,Dragiću
Dragiša,Dragiša
Drago,Drago
Dragobrat,Dragobrate
Dragodan,Dragodane
Dragoja,Dragoja
Dragoje,Dragoje
Dragojla,Dragojla
Dragojlo,Dragojlo
Dragoljub,Dragoljube
Dragoman,Dragomane
Dragomir,Dragomire
Dragomira,Dragomira
Dragomirka,Dragomirka
Dragorad,Dragorade
Dragosav,Dragosave
Dragosije,Dragosije
Dragoslav,Dragoslave
Dragoslava,Dragoslava
Dragoslavka,Dragoslavka
Dragovan,Dragovane
Dragoš,Dragoše
Dragutin,Dragutine
Drailo,Drailo
Drakša,Drakša
Draško,Draško
Draža,Dražo
Draže,Draže
Dražen,Dražene
Dražimir,Dražimire
Dražo,Dražo
Drena,Dreno
Drenka,Drenka
Drgorad,Drgorade
Drina,Drino
Drinka,Drinka
Dubravac,Dubravče
Dubravka,Dubravka
Dubravko,Dubravko
Dujak,Dujače
Duka,Duko
Dukadin,Dukadine
Dunja,Dunja
Dušan,Dušane
Dušana,Dušana
Dušanka,Dušanka
Dušica,Dušice
Duška,Duška
Duško,Duško
Dvorka,Dvorka
Đenadije,Đenadije
Đoka,Đoko
Đokica,Đokice
Đoko,Đoko
Đora,Đoro
Đorđe,Đorđe
Đorđije,Đorđije
Đorđina,Đorđina
Đorđo,Đorđo
Đuka,Đuko
Đukan,Đukane
Đulijana,Đulijana
Đura,Đuro
Đuran,Đurane
Đurađ,Đurađe
Đuraš,Đuraše
Đurašin,Đurašine
Đuraško,Đuraško
Đurica,Đurice
Đurisav,Đurisave
Đurisava,Đurisava
Đuriša,Đuriša
Đurko,Đurko
Đuro,Đuro
Đurđa,Đurđa
Đurđe,Đurđe
Đurđevka,Đurđevka
Đurđica,Đurđice
Đurđija,Đurđija
Đurđijana,Đurđijana
Đurđina,Đurđina
Evgenija,Evgenija
Ekatarina,Ekatarina
Ekaterina,Ekaterina
Elena,Elena
Eleonora,Eleonora
Elizabeta,Elizabeta
Ema,Ema
Emil,Emile
Emilija,Emilija
Emilijan,Emilijane
Emilije,Emilije
Erak,Erače
Eva,Evo
Evan,Evane
Evana,Evana
Evanka,Evanka
Evdokija,Evdokija
Evgenija,Evgenija
Evgenije,Evgenije
Evica,Evice
Evo,Evo
Fanija,Fanija
Fedor,Fedore
Fema,Femo
Femka,Femka
Feodor,Feodore
Filiman,Filimane
Filimon,Filimone
Filip,Filipe
Filipa,Filipa
Filipinka,Filipinka
Filotej,Filoteju
Fotije,Fotije
Gabrijela,Gabrijela
Gaga,Gago
Gaja,Gaja
Gajin,Gajine
Gajo,Gajo
Gavra,Gavro
Gavrila,Gavrila
Gavrilka,Gavrilka
Gavrilo,Gavrilo
Gavro,Gavro
Gača,Gačo
Genadije,Genadije
Georgije,Georgije
Georgina,Georgina
Gerasim,Gerasime
German,Germane
Gligor,Gligore
Gligorije,Gligorije
Gliša,Glišo
Glišo,Glišo
Glorija,Glorija
Goca,Goco
Godomir,Godomire
Gojimir,Gojimire
Gojko,Gojko
Golub,Golube
Goran,Gorane
Gorana,Gorana
Goranka,Goranka
Gordan,Gordane
Gordana,Gordana
Gorica,Gorice
Gorjan,Gorjane
Gorjana,Gorjana
Goroljub,Goroljube
Gorčilo,Gorčilo
Gorčin,Gorčine
Gospana,Gospana
Gospava,Gospava
Gostimir,Gostimire
Gostoljub,Gostoljube
Gradeta,Gradeta
Gradimir,Gradimire
Gradimirka,Gradimirka
Gradiša,Gradiša
Grdan,Grdane
Grgur,Grgure
Grigorije,Grigorije
Grijak,Grijače
Grozda,Grozdo
Grozdan,Grozdane
Grozdana,Grozdana
Grubac,Grubače
Gruban,Grubane
Grubač,Grubače
Grubeta,Grubeta
Grubeša,Grubeša
Grubiša,Grubiša
Gruja,Grujo
Grujica,Grujice
Grujo,Grujo
Gvozden,Gvozdene
Gvozdenija,Gvozdenija
Gvozdenka,Gvozdenka
Gvozdenko,Gvozdenko
Hariton,Haritone
Helena,Helena
Hranimir,Hranimire
Hranislav,Hranislave
Hranislava,Hranislava
Hranislavka,Hranislavka
Hraniša,Hraniša
Hrastimir,Hrastimire
Hristijan,Hristijane
Hristina,Hristina
Hristivoj,Hristivoju
Hristivoje,Hristivoje
Hristof,Hristofe
Hristoslav,Hristoslave
Hvalimir,Hvalimire
Hvalislav,Hvalislave
Ignjat,Ignjate
Ignjatije,Ignjatije
Igor,Igore
Ikonija,Ikonija
Ilija,Ilija
Ilina,Ilina
Ilinka,Ilinka
Ilinko,Ilinko
Irena,Irena
Irina,Irina
Isaija,Isaija
Isailo,Isailo
Isak,Isače
Isidor,Isidore
Isidora,Isidora
Iskra,Iskra
Ismail,Ismaile
Iva,Ivo
Ivan,Ivane
Ivana,Ivana
Ivaniš,Ivaniše
Ivanka,Ivanka
Ivica,Ivice
Ivka,Ivka
Ivko,Ivko
Ivo,Ivo
Ivona,Ivona
Ina,Ina
Jablan,Jablane
Jadranka,Jadranka
Jadranko,Jadranko
Jaglika,Jaglika
Jagoda,Jagoda
Jagodinka,Jagodinka
Jagoš,Jagoše
Jakov,Jakove
Jakša,Jakša
Jana,Jano
Jandre,Jandre
Jandrija,Jandrija
Janica,Janice
Janićije,Janićije
Janja,Janjo
Janko,Janko
Janovka,Janovka
Janča,Janča
Jaroslav,Jaroslave
Jasen,Jasene
Jasenko,Jasenko
Jasmina,Jasmina
Jasminka,Jasminka
Jasna,Jasna
Javorka,Javorka
Javorko,Javorko
Jefimija,Jefimija
Jeftimije,Jeftimije
Jegda,Jegdo
Jeka,Jeko
Jela,Jelo
Jelača,Jelača
Jelašin,Jelašine
Jelen,Jelene
Jelena,Jelena
Jelenka,Jelenka
Jelenko,Jelenko
Jelica,Jelice
Jelika,Jelika
Jelisav,Jelisave
Jelisava,Jelisava
Jelisaveta,Jelisaveta
Jelisavka,Jelisavka
Jelisije,Jelisije
Jelka,Jelka
Jeremija,Jeremija
Jeremije,Jeremije
Jerina,Jerina
Jerko,Jerko
Jerotije,Jerotije
Jesenko,Jesenko
Jeva,Jevo
Jevdokija,Jevdokija
Jevrem,Jevreme
Jevrosima,Jevrosima
Jevta,Jevto
Jevtan,Jevtane
Jevtimije,Jevtimije
Jevto,Jevto
Jezda,Jezdo
Jezdimir,Jezdimire
Ješa,Ješo
Joakim,Joakime
Joka,Joko
Jokan,Jokane
Joko,Joko
Joksim,Joksime
Jordan,Jordane
Jordanka,Jordanka
Jorgovanka,Jorgovanka
Josif,Josife
Josip,Josipe
Jova,Jovo
Jovan,Jovane
Jovana,Jovana
Jovanka,Jovanka
Jovica,Jovice
Joviša,Joviša
Jovka,Jovka
Jovko,Jovko
Jovo,Jovo
Jugoljub,Jugoljube
Jugomir,Jugomire
Jugoslav,Jugoslave
Jula,Julo
Julija,Julija
Julijan,Julijane
Julijana,Julijana
Julka,Julka
Julkica,Julkice
Junoša,Junoša
Juriša,Juriša
Juroš,Juroše
Justin,Justine
Justina,Justina
Kadivka,Kadivka
Kalin,Kaline
Kalina,Kalina
Kalinka,Kalinka
Kamenko,Kamenko
Kasija,Kasija
Kata,Kato
Katarina,Katarina
Katica,Katice
Kazimir,Kazimire
Kazimira,Kazimira
Kažimir,Kažimire
Kiprijan,Kiprijane
Kirilo,Kirilo
Kitan,Kitane
Klara,Klaro
Kleopatra,Kleopatra
Kojadin,Kojadine
Kojadinka,Kojadinka
Kojčin,Kojčine
Kokan,Kokane
Komnen,Komnene
Komnenija,Komnenija
Konstantin,Konstantine
Kornelije,Kornelije
Kosa,Koso
Kosana,Kosana
Kosanka,Kosanka
Kosara,Kosara
Kosovka,Kosovka
Kosta,Kosta
Kostadin,Kostadine
Kostadina,Kostadina
Kostadinka,Kostadinka
Kovana,Kovana
Koviljka,Koviljka
Koviljko,Koviljko
Kovina,Kovina
Kovinka,Kovinka
Kozma,Kozma
Koča,Koča
Koštana,Koštana
Kraguj,Kraguje
Krainka,Krainka
Kraisav,Kraisave
Kraisava,Kraisava
Krajčin,Krajčine
Krasimir,Krasimire
Krasoje,Krasoje
Kristina,Kristina
Kristivoje,Kristivoje
Krsjana,Krsjana
Krsman,Krsmane
Krsmanija,Krsmanija
Krsta,Krsto
Krstan,Krstane
Krstana,Krstana
Krstimir,Krstimire
Krstina,Krstina
Krstinja,Krstinja
Krstivoje,Krstivoje
Krsto,Krsto
Krstomir,Krstomire
Kruna,Kruno
Krunislav,Krunislave
Krunislava,Krunislava
Krunislavka,Krunislavka
Krunoslav,Krunoslave
Krunoslava,Krunislava
Krunoslavka,Krunoslavka
Ksenija,Ksenija
Kumodrag,Kumodraže
Kuzman,Kuzmane
Labud,Labude
Laka,Lako
Laketa,Laketa
Lako,Lako
Lale,Lale
Lana,Lano
Lara,Laro
Lata,Lato
Latinka,Latinka
Laza,Lazo
Lazar,Lazare
Lazo,Lazo
Lela,Lela
Lena,Leno
Lenka,Lenka
Leonida,Leonida
Leonora,Leonora
Leontije,Leontije
Lepa,Lepa
Lepoje,Lepoje
Lepomir,Lepomire
Leposava,Leposava
Leposlav,Leposlave
Ležimir,Ležimire
Lidija,Lidija
Lila,Lila
Lilijana,Lilijana
Liza,Liza
Ljepava,Ljepava
Ljeposava,Ljeposava
Ljilja,Ljiljo
Ljiljan,Ljiljane
Ljiljana,Ljiljana
Ljuba,Ljubo
Ljuban,Ljubane
Ljuben,Ljubene
Ljubenko,Ljubenko
Ljubica,Ljubice
Ljubina,Ljubina
Ljubinka,Ljubinka
Ljubinko,Ljubinko
Ljubisav,Ljubisave
Ljubisavka,Ljubisavka
Ljubislav,Ljubislave
Ljubivoje,Ljubivoje
Ljubiša,Ljubiša
Ljubo,Ljubo
Ljubobrat,Ljubobrate
Ljubodrag,Ljubodraže
Ljuboja,Ljuboje
Ljuboje,Ljuboje
Ljubomir,Ljubomire
Ljubomirka,Ljubomirka
Ljubosava,Ljubosava
Ljupka,Ljupka
Ljupko,Ljupko
Ljupče,Ljupče
Lola,Lolo
Loza,Lozo
Lozan,Lozane
Lozana,Lozana
Lozanka,Lozanka
Lozinka,Lozinka
Lucija,Lucija
Lujo,Lujo
Luka,Luka
Luna,Luna
Luča,Luča
Lučija,Lučija
Magda,Magda
Magdalena,Magdalena
Maja,Majo
Majda,Majda
Makarije,Makarije
Makivija,Makivija
Makrena,Makrena
Maksim,Maksime
Maksimilijan,Maksimilijane
Maleta,Maleta
Maleš,Maleše
Malina,Malina
Malinka,Malinka
Mališa,Mališa
Manda,Mando
Manduša,Manduša
Mane,Mane
Manojlo,Manojlo
Mara,Maro
Margareta,Margareta
Marica,Marice
Marija,Marija
Marijan,Marijane
Marijana,Marijana
Marina,Marina
Marinka,Marinka
Marinko,Marinko
Marisav,Marisave
Marislav,Marislave
Marjan,Marjane
Marko,Marko
Marta,Marta
Martin,Martine
Matej,Matej
Mateja,Mateja
Matija,Matija
Matijaš,Matijaše
Mato,Mato
Mavren,Mavrene
Maša,Mašo
Mašan,Mašane
Mašinka,Mašinka
Maško,Maško
Medak,Medače
Melanija,Melanija
Melenija,Melenija
Melentije,Melentije
Metodije,Metodije
Metohija,Metohijo
Mihailo,Mihailo
Mihajlo,Mihajlo
Miholjka,Miholjka
Mija,Mijo
Mijailo,Mijailo
Mijak,Mijače
Mijalko,Mijalko
Mijan,Mijane
Mijana,Mijana
Mijat,Mijate
Mijo,Mijo
Mijobrat,Mijobrate
Mijuško,Mijuško
Mikailo,Mikailo
Mikica,Mikice
Mikaina,Mikaina
Mikan,Mikane
Mikonja,Mikonja
Mikosava,Mikosava
Mikoš,Mikoše
Mila,Mila
Miladija,Miladija
Miladin,Miladine
Miladinka,Miladinka
Milak,Milače
Milan,Milane
Milana,Milana
Milanka,Milanka
Milanko,Milanko
Milat,Milate
Milaš,Milaše
Milašin,Milašine
Mile,Mile
Milen,Milene
Milena,Milena
Milenija,Milenija
Milenka,Milenka
Milenko,Milenko
Milentije,Milentije
Milesa,Milesa
Mileta,Mileta
Mileva,Mileva
Milevka,Milevka
Mileš,Mileše
Mili,Mili
Milica,Milice
Milija,Milija
Milijan,Milijane
Milijana,Milijana
Milijaš,Milijaše
Milika,Milika
Milimir,Milimire
Milimirka,Milimirka
Milin,Miline
Milina,Milina
Milinka,Milinka
Milinko,Milinko
Milisav,Milisave
Milisava,Milisava
Milisavka,Milisavka
Milivoj,Milivoje
Milivoje,Milivoje
Milivojka,Milivojka
Milić,Miliću
Miličko,Miličko
Miliša,Miliša
Milja,Miljo
Miljan,Miljane
Miljana,Miljana
Miljen,Miljene
Miljka,Miljka
Miljkan,Miljkane
Miljko,Miljko
Miljojko,Miljojko
Miljurko,Miljurko
Milka,Milka
Milkan,Milkane
Milkica,Milkice
Milko,Milko
Milna,Milna
Milo,Milo
Milobran,Milobrane
Miloica,Miloice
Miloja,Miloja
Miloje,Miloje
Milojica,Milojice
Milojka,Milojka
Milojko,Milojko
Miloljub,Miloljube
Milomir,Milomire
Milomirka,Milomirka
Milonja,Milonja
Milorad,Milorade
Milosav,Milosave
Milosava,Milosava
Milosavka,Milosavka
Milosija,Milosija
Miloslav,Miloslave
Milovan,Milovane
Milovanka,Milovanka
Miloš,Miloše
Milten,Miltene
Miluka,Miluka
Milun,Milune
Miluna,Miluna
Milunika,Milunika
Milunka,Milunka
Milutin,Milutine
Miluš,Miluše
Miluša,Miluša
Mina,Mina
Minja,Minja
Miodrag,Miodraže
Mioljka,Mioljka
Mioljub,Mioljube
Miomir,Miomire
Miomira,Miomira
Miomirka,Miomirka
Miona,Miona
Mionka,Mionka
Mira,Miro
Miraš,Miraše
Miren,Mirene
Mirjana,Mirjana
Mirka,Mirka
Mirko,Mirko
Mirna,Mirna
Miro,Miro
Miroje,Miroje
Miroljub,Miroljube
Mirosav,Mirosave
Mirosava,Mirosava
Mirosinka,Mirosinka
Miroslav,Miroslave
Miroslava,Miroslava
Miroslavka,Miroslavka
Mirča,Mirča
Mirčeta,Mirčeta
Mita,Mito
Mitar,Mitre
Mitra,Mitra
Mića,Mićo
Mićan,Mićane
Mićko,Mićko
Mićo,Mićo
Mićun,Mićune
Miša,Mišo
Miško,Miško
Mišljen,Mišljene
Mišo,Mišo
Mladen,Mladene
Mladena,Mladena
Mladenka,Mladenka
Mladomir,Mladomire
Mlađan,Mlađane
Mlađen,Mlađene
Mojaš,Mojaše
Mojsilo,Mojsilo
Momir,Momire
Momira,Momira
Momirka,Momirka
Momčilo,Momčilo
Monika,Monika
Moša,Mošo
Mrkša,Mrkša
Mrđan,Mrđane
Mrđen,Mrđene
Nada,Nado
Nadežda,Nadežda
Nadica,Nadice
Najda,Najda
Najdan,Najdane
Nana,Nano
Nastasija,Nastasija
Nata,Nato
Natalija,Natalija
Nataša,Nataša
Naum,Naume
Nađa,Nađa
Nebojša,Nebojša
Neda,Nedo
Nedeljka,Nedeljka
Nedeljko,Nedeljko
Negica,Negice
Negomir,Negomire
Negomirka,Negomirka
Negosava,Negosava
Negoslav,Negoslave
Negoslava,Negoslava
Negoslavka,Negoslavka
Negovan,Negovane
Negovanka,Negovanka
Nela,Nela
Nemanja,Nemanja
Nenad,Nenade
Nestor,Nestore
Neven,Nevene
Nevena,Nevena
Nevenka,Nevenka
Nevenko,Nevenko
Neđeljka,Neđeljka
Neđeljko,Neđeljko
Neđo,Neđo
Neško,Neško
Nikašin,Nikašine
Nikodije,Nikodije
Nikodim,Nikodime
Nikola,Nikola
Nikoleta,Nikoleta
Nikolija,Nikolija
Nikolina,Nikolina
Nikon,Nikone
Nikša,Nikša
Nina,Nina
Ninko,Ninko
Nino,Nino
Ninoslav,Ninoslave
Ninoslava,Ninoslava
Nićifor,Nićifore
Nišava,Nišava
Njegoje,Njegoje
Njegomir,Njegomire
Njegomirka,Njegomirka
Njegosav,Njegosave
Njegosava,Njegosava
Njegoslav,Njegoslave
Njegoslava,Njegoslava
Njegovan,Njegovane
Njegoš,Njegošu
Njeguš,Njegušu
Novak,Novače
Novica,Novice
Noviša,Noviša
Novka,Novka
Novko,Novko
Novo,Novo
Obrad,Obrade
Obradin,Obradine
Obradinka,Obradinka
Obren,Obrene
Obrenija,Obrenija
Obrenko,Obrenko
Obreten,Obretene
Ognjan,Ognjane
Ognjana,Ognjana
Ognjanka,Ognjanka
Ognjen,Ognjene
Ognjena,Ognjena
Ognjenka,Ognjenka
Ojdana,Ojdana
Oleg,Oleže
Olga,Olga
Olgica,Olgice
Oliver,Olivere
Olivera,Olivera
Oliverka,Oliverka
Olja,Olja
Oskar,Oskare
Ostoja,Ostoja
Otaš,Otaše
Ozarija,Ozarija
Ozren,Ozrene
Ozrenka,Ozrenka
Ozriša,Ozriša
Pajka,Pajka
Panta,Panto
Pantelija,Pantelija
Panto,Panto
Paraskeva,Paraskeva
Paulina,Paulina
Paun,Paune
Pauna,Pauna
Pava,Pavo
Pavija,Pavija
Pavić,Paviću
Pavka,Pavka
Pavko,Pavko
Pavle,Pavle
Pavlija,Pavlija
Pavlina,Pavlina
Pavlić,Pavliću
Peđa,Peđa
Pejak,Pejače
Pejka,Pejka
Pejko,Pejko
Pejo,Pejo
Peladija,Peladija
Pelagija,Pelagija
Pepica,Pepice
Pera,Pero
Peran,Perane
Perica,Perice
Periša,Periša
Perka,Perka
Perko,Perko
Pero,Pero
Persa,Perso
Persida,Persida
Perun,Perune
Perunika,Perunika
Perunko,Perunko
Petak,Petače
Petar,Petre
Petkana,Petkana
Petko,Petko
Petoje,Petoje
Petoš,Petoše
Petra,Petra
Petrašin,Petrašine
Petrija,Petrija
Petrojka,Petrojka
Petronije,Petronije
Petruša,Petruša
Petruška,Petruška
Pilip,Pilipe
Plamenka,Plamenka
Planinka,Planinka
Plavša,Plavša
Podgorka,Podgorka
Poleksija,Poleksija
Poljka,Poljka
Poznan,Poznane
Poznana,Poznana
Predrag,Predraže
Premil,Premile
Prerad,Prerade
Prodan,Prodane
Prodana,Prodana
Prohor,Prohore
Prokopije,Prokopije
Prvoslav,Prvoslave
Prvoslava,Prvoslava
Prvoslavka,Prvoslavka
Punan,Punane
Puniša,Puniša
Pureš,Pureše
Puriša,Puriša
Purko,Purko
Puro,Puro
Racko,Racko
Rada,Rado
Radak,Radače
Radan,Radane
Radana,Radana
Radanka,Radanka
Radas,Radase
Radašin,Radašine
Rade,Rade
Raden,Radene
Radena,Radena
Radenka,Radenka
Radenko,Radenko
Radeta,Radeta
Radica,Radice
Radika,Radika
Radimir,Radimire
Radin,Radine
Radina,Radina
Radinka,Radinka
Radinko,Radinko
Radisav,Radisave
Radisavka,Radisavka
Radislav,Radislave
Radislava,Radislava
Radislavka,Radislavka
Radivoj,Radivoju
Radivoje,Radivoje
Radivojka,Radivojka
Radič,Radiče
Radiša,Radiša
Radman,Radmane
Radmila,Radmila
Radmilo,Radmilo
Radna,Radna
Radoba,Radoba
Radobud,Radobude
Radoica,Radoice
Radoja,Radoja
Radoje,Radoje
Radojica,Radojice
Radojka,Radojka
Radojko,Radojko
Radojla,Radojla
Radojlo,Radojlo
Radoljub,Radoljube
Radoman,Radomane
Radomir,Radomire
Radomira,Radomira
Radomirka,Radomirka
Radonja,Radonja
Radosav,Radosave
Radosija,Radosija
Radoslav,Radoslave
Radoslava,Radoslava
Radoslavka,Radoslavka
Radota,Radota
Radovan,Radovane
Radovanka,Radovanka
Radovin,Radovine
Radovinka,Radovinka
Radoš,Radoše
Raduka,Raduka
Radukan,Radukane
Radul,Radule
Radula,Radula
Radule,Radule
Radulin,Raduline
Radulka,Radulka
Radun,Radune
Radunka,Radunka
Radusin,Radusine
Raduša,Raduša
Raduška,Raduška
Rafailo,Rafailo
Raica,Raice
Rain,Raine
Raič,Raiče
Raičko,Raičko
Rajak,Rajače
Rajan,Rajane
Rajica,Rajice
Rajka,Rajka
Rajko,Rajko
Rajna,Rajna
Rajčeta,Rajčeta
Ralen,Ralene
Raleta,Raleta
Ranisav,Ranisave
Ranka,Ranka
Ranko,Ranko
Ranđa,Ranđo
Ranđel,Ranđele
Raosav,Raosave
Rasko,Rasko
Rastislav,Rastislave
Rastko,Rastko
Ratibor,Ratibore
Ratiborka,Ratiborka
Ratimir,Ratimire
Ratislav,Ratislave
Ratka,Ratka
Ratko,Ratko
Ratomir,Ratomire
Razumenka,Razumenka
Račeta,Račeta
Rađen,Rađene
Raško,Raško
Rekula,Rekula
Relja,Relja
Resan,Resane
Rista,Risto
Ristan,Ristane
Ristivoj,Ristivoju
Ristivoje,Ristivoje
Risto,Risto
Rodoljub,Rodoljube
Roksa,Roksa
Roksanda,Roksanda
Rosa,Roso
Rosanda,Rosanda
Rumenka,Rumenka
Rusimir,Rusimire
Rusmir,Rusmire
Rusmira,Rusmira
Ruzmarinka,Ruzmarinka
Ruzmirka,Ruzmirka
Ruža,Ružo
Ružica,Ružice
Sajka,Sajka
Samuilo,Samuilo
Sandra,Sandra
Sanela,Sanela
Sanja,Sanja
Sara,Saro
Sava,Savo
Savan,Savane
Savatije,Savatije
Saveta,Saveta
Savetka,Savetka
Savica,Savice
Savić,Saviću
Savka,Savka
Savko,Savko
Savo,Savo
Sazdana,Sazdana
Saša,Saša
Sekana,Sekana
Sekula,Sekula
Sekule,Sekule
Selak,Selače
Selena,Selena
Selimir,Selimire
Senija,Senija
Senka,Senka
Serafim,Serafime
Sergej,Sergeju
Sergije,Sergije
Sevetka,Sevetka
Sibin,Sibine
Sibina,Sibina
Sibinka,Sibinka
Sima,Simo
Simana,Simana
Simeon,Simeone
Simeun,Simeune
Simeuna,Simeuna
Simka,Simka
Simo,Simo
Simon,Simone
Simona,Simona
Simonida,Simonida
Sinadin,Sinadine
Siniša,Siniša
Sinđelija,Sinđelija
Sinđa,Sinđo
Sinđel,Sinđele
Sinđelija,Sinđelija
Skorosav,Skorosave
Skorosava,Skorosava
Sladoje,Sladoje
Slatka,Slatka
Slaven,Slavene
Slavenka,Slavenka
Slavenko,Slavenko
Slavica,Slavice
Slavimir,Slavimire
Slaviša,Slaviša
Slavka,Slavka
Slavko,Slavko
Slavna,Slavna
Slavo,Slavo
Slavojka,Slavojka
Slavoljub,Slavoljube
Slavomir,Slavomire
Slavuj,Slavuju
Slavujka,Slavujka
Slađan,Slađane
Slađana,Slađana
Slađanka,Slađanka
Slobodan,Slobodane
Slobodanka,Slobodanka
Slovenka,Slovenka
Smilja,Smiljo
Smiljan,Smiljane
Smiljana,Smiljana
Smiljka,Smiljka
Smiljko,Smiljko
Smoljan,Smoljane
Smoljana,Smoljana
Smoljka,Smoljka
Snežana,Snežana
Snježan,Snježane
Snježana,Snježana
Sofija,Sofija
Sofka,Sofka
Sofronije,Sofronije
Soja,Sojo
Sojka,Sojka
Soka,Soko
Soko,Sokole
Sokol,Sokole
Solomon,Solomone
Solumija,Solumija
Sonja,Sonja
Sotir,Sotire
Sovija,Sovija
Sovka,Sovka
Spasena,Spasena
Spasenija,Spasenija
Spasenka,Spasenka
Spasoja,Spasoja
Spasoje,Spasoje
Spira,Spiro
Spiridon,Spiridone
Spomenka,Spomenka
Spomenko,Spomenko
Spridon,Spridone
Srba,Srbo
Srbijanka,Srbijanka
Srbislav,Srbislave
Srbislava,Srbislava
Srboljub,Srboljube
Srboslav,Srboslave
Srdan,Srdane
Sredoja,Sredoja
Sredoje,Sredoje
Sreten,Sretene
Sretenka,Sretenka
Sretko,Sretko
Sreto,Sreto
Sretoje,Sretoje
Srećan,Srećane
Srećko,Srećko
Srpko,Srpko
Srđa,Srđo
Srđan,Srđane
Staja,Stajo
Stajka,Stajka
Stajko,Stajko
Stajo,Stajo
Staka,Stako
Stamat,Stamate
Stamen,Stamene
Stamena,Stamena
Stamenija,Stamenija
Stamenka,Stamenka
Stamenko,Stamenko
Stana,Stano
Stanava,Stanava
Stanača,Stanača
Stanica,Stanice
Stanija,Stanija
Stanika,Stanika
Stanimir,Stanimire
Stanimirka,Stanimirka
Stanisav,Stanisave
Stanisava,Stanisava
Stanislav,Stanislave
Stanislava,Stanislava
Stanislavka,Stanislavka
Staniša,Staniša
Stanka,Stanka
Stanko,Stanko
Stanoja,Stanoja
Stanoje,Stanoje
Stanojka,Stanojka
Stanojko,Stanojko
Stanojla,Stanojla
Stanojlo,Stanojlo
Stavra,Stavro
Staša,Stašo
Stefan,Stefane
Stefana,Stefana
Stefanija,Stefanija
Stepan,Stepane
Steva,Stevo
Stevan,Stevane
Stevanija,Stevanija
Stevanka,Stevanka
Stevica,Stevice
Stevka,Stevka
Stevo,Stevo
Stjepan,Stjepane
Stoiljko,Stoiljko
Stoin,Stoine
Stoisava,Stoisava
Stoić,Stoiću
Stoja,Stojo
Stojadin,Stojadine
Stojadinka,Stojadinka
Stojak,Stojače
Stojan,Stojane
Stojana,Stojana
Stojanka,Stojanka
Stojiljko,Stojiljko
Stojka,Stojka
Stojko,Stojko
Stojmen,Stojmene
Stojna,Stojna
Stojša,Stojša
Stokan,Stokane
Stole,Stole
Stracimir,Stracimire
Strahin,Strahine
Strahinja,Strahinja
Strain,Straine
Strainja,Strainja
Strajin,Strajine
Stratimir,Stratimire
Stribor,Stribore
Struja,Strujo
Sunčanica,Sunčanice
Sunčica,Sunčice
Suzana,Suzana
Svetibor,Svetibore
Svetislav,Svetislave
Svetislava,Svetislava
Svetislavka,Svetislavka
Svetko,Svetko
Svetlana,Svetlana
Svetoje,Svetoje
Svetolik,Svetoliče
Svetoljub,Svetoljube
Svetomir,Svetomire
Svetorad,Svetorade
Svetozar,Svetozare
Svjetlana,Svjetlana
Šako,Šako
Šakota,Šakota
Šale,Šale
Šana,Šano
Šiško,Šiško
Špiro,Špiro
Šumenko,Šumenko
Šutan,Šutane
Šćepan,Šćepane
Tada,Tado
Tadej,Tadeje
Tadeja,Tadeja
Tadija,Tadija
Tajana,Tajana
Takosava,Takosava
Tamara,Tamara
Tanacko,Tanacko
Tanasija,Tanasija
Tanasije,Tanasije
Tanasko,Tanasko
Tanja,Tanja
Tankosa,Tankosa
Tankosava,Tankosava
Tara,Taro
Tatjana,Tatjana
Tatomir,Tatomire
Taško,Taško
Tea,Tea
Teodor,Teodore
Teodora,Teodora
Teodosije,Teodosije
Teofan,Teofane
Teofil,Teofile
Teohar,Teohare
Teona,Teona
Tereza,Tereza
Tešan,Tešane
Tešman,Tešmane
Tihomir,Tihomire
Tihomirka,Tihomirka
Tijana,Tijana
Timka,Timka
Timotej,Timoteju
Timotije,Timotije
Tina,Tina
Tiodor,Tiodore
Tiosav,Tiosave
Tiosava,Tiosava
Toda,Todo
Todor,Todore
Todora,Todora
Toma,Tomo
Tomana,Tomana
Tomanija,Tomanija
Tomaš,Tomaše
Tomica,Tomice
Tomislav,Tomislave
Tomislava,Tomislava
Tomka,Tomka
Tomo,Tomo
Toplica,Toplice
Toša,Tošo
Tošo,Tošo
Trajan,Trajane
Trajanka,Trajanka
Trajko,Trajko
Trajče,Trajče
Trifko,Trifko
Trifun,Trifune
Trile,Trile
Tripko,Tripko
Tripo,Tripo
Tripun,Tripune
Triva,Trivo
Trivko,Trivko
Trivo,Trivo
Trivun,Trivune
Triša,Trišo
Trišo,Trišo
Trojan,Trojane
Trpko,Trpko
Tugomir,Tugomire
Tvrtko,Tvrtko
Ubavka,Ubavka
Uglješa,Uglješa
Ugren,Ugrene
Ugrin,Ugrine
Ugrinja,Ugrinja
Ugrinka,Ugrinka
Umiljen,Umiljene
Una,Una
Uranko,Uranko
Uroš,Uroše
Urošica,Urošice
Utešen,Utešene
Utješen,Utješene
Vajo,Vajo
Valerija,Valerija
Vanja,Vanja
Vartolomej,Vartolomeju
Varvara,Varvara
Vasa,Vaso
Vasilija,Vasilija
Vasilije,Vasilije
Vasilj,Vasilju
Vasiljka,Vasiljka
Vasiljko,Vasiljko
Vasilka,Vasilka
Vaska,Vaska
Vasko,Vasko
Vaskrsija,Vaskrsija
Vaskrsije,Vaskrsije
Vaso,Vaso
Vasoje,Vasoje
Vatolj,Vatolju
Vedran,Vedrane
Vekoslav,Vekoslave
Velemir,Velemire
Velibor,Velibore
Veliborka,Veliborka
Velika,Velika
Velimir,Velimire
Velimirka,Velimirka
Velina,Velina
Velinka,Velinka
Velisav,Velisave
Velisava,Velisava
Velislav,Velislave
Velizar,Velizare
Veličko,Veličko
Veliša,Veliša
Veljko,Veljko
Vera,Vera
Veran,Verane
Verica,Verice
Verka,Verka
Veroljub,Veroljube
Veronika,Veronika
Veroslava,Veroslava
Vesa,Veso
Vesela,Vesela
Veselin,Veseline
Veselina,Veselina
Veselinka,Veselinka
Veselka,Veselka
Veselko,Veselko
Veska,Veska
Vesko,Vesko
Vesna,Vesna
Veso,Veso
Vid,Vide
Vida,Vido
Vidak,Vidače
Vidan,Vidane
Vidač,Vidače
Viden,Videne
Vidoja,Vidoja
Vidoje,Vidoje
Vidojka,Vidojka
Vidojko,Vidojko
Vidosav,Vidosave
Vidosava,Vidosava
Vidoslav,Vidoslave
Viktor,Viktore
Viktorija,Viktorija
Vilotije,Vilotije
Vinka,Vinka
Violeta,Violeta
Vitka,Vitka
Vitko,Vitko
Vitomir,Vitomire
Vitomirka,Vitomirka
Vićan,Vićane
Vićentije,Vićentije
Višeslav,Višeslave
Višeslava,Višeslava
Višnja,Višnja
Vjekoslav,Vjekoslave
Vlada,Vlado
Vladan,Vladane
Vladana,Vladana
Vladanka,Vladanka
Vlade,Vlade
Vladeta,Vladeta
Vladica,Vladice
Vladimir,Vladimire
Vladimirka,Vladimirka
Vladisav,Vladisave
Vladislav,Vladislave
Vladislava,Vladislava
Vladislavka,Vladislavka
Vlado,Vlado
Vladoje,Vladoje
Vladun,Vladune
Vlaisav,Vlaisave
Vlajka,Vlajka
Vlajko,Vlajko
Vlasije,Vlasije
Vlasta,Vlasto
Vlastimir,Vlastimire
Vlastimirka,Vlastimirka
Vlatka,Vlatka
Vlatko,Vlatko
Vlaško,Vlaško
Voica,Voice
Voin,Voine
Voja,Vojo
Vojdrag,Vojdraže
Vojimir,Vojimire
Vojin,Vojine
Vojinka,Vojinka
Vojislav,Vojislave
Vojislava,Vojislava
Vojislavka,Vojislavka
Vojka,Vojka
Vojkan,Vojkane
Vojko,Vojko
Vojo,Vojo
Vugdrag,Vugdraže
Vuica,Vuica
Vuilo,Vuilo
Vuin,Vuine
Vujadin,Vujadine
Vujadinka,Vujadinka
Vujak,Vujače
Vujan,Vujane
Vujana,Vujana
Vujeta,Vujeta
Vujka,Vujka
Vujko,Vujko
Vujo,Vujo
Vujoš,Vujoše
Vujčeta,Vujčeta
Vujčin,Vujčine
Vuk,Vuče
Vukadin,Vukadine
Vukadinka,Vukadinka
Vukajlo,Vukajlo
Vukalj,Vukalju
Vukalo,Vukalo
Vukan,Vukane
Vukana,Vukana
Vukas,Vukase
Vukač,Vukače
Vukašin,Vukašine
Vukelja,Vukelja
Vukena,Vukena
Vukica,Vukice
Vukić,Vukiću
Vukman,Vukmane
Vukmir,Vukmire
Vukmira,Vukmira
Vuko,Vuko
Vukoica,Vukoice
Vukoje,Vukoje
Vukojica,Vukojice
Vukola,Vukola
Vukoman,Vukomane
Vukomir,Vukomire
Vukosav,Vukosave
Vukosava,Vukosava
Vukoslav,Vukoslave
Vukota,Vukota
Vukovoje,Vukovoje
Vuksan,Vuksane
Vuksana,Vuksana
Vukša,Vukša
Vule,Vule
Vuleta,Vuleta
Vunko,Vunko
Vuzman,Vuzmane
Vuča,Vučo
Vučan,Vučane
Vučen,Vučene
Vučeta,Vučeta
Vučina,Vučina
Vučić,Vučiću
Vučko,Vučko
Vučur,Vučure
Zafir,Zafire
Zaga,Zago
Zagorka,Zagorka
Zaharije,Zaharije
Zarija,Zarija
Zarije,Zarije
Zavida,Zavida
Zaviša,Zaviša
Zdraviša,Zdraviša
Zdravka,Zdravka
Zdravko,Zdravko
Zlata,Zlato
Zlatan,Zlatane
Zlatana,Zlatana
Zlatanka,Zlatanka
Zlatibor,Zlatibore
Zlatiborka,Zlatiborka
Zlatica,Zlatice
Zlatija,Zlatija
Zlatimir,Zlatimire
Zlatinka,Zlatinka
Zlatka,Zlatka
Zlatko,Zlatko
Zlatoje,Zlatoje
Zlatomir,Zlatomire
Zlatomirka,Zlatomirka
Zlatosav,Zlatosave
Zlatoslav,Zlatoslave
Zoja,Zoja
Zora,Zoro
Zoran,Zorane
Zorana,Zorana
Zoranka,Zoranka
Zorica,Zorice
Zorislava,Zorislava
Zorka,Zorka
Zrinka,Zrinka
Zrinko,Zrinko
Zvezdan,Zvezdane
Zvezdana,Zvezdana
Zvezdodrag,Zvezdodraže
Zvezdoslav,Zvezdoslave
Zvjezdan,Zvjezdane
Zvjezdana,Zvjezdana
Zvonimir,Zvonimire
Zvonka,Zvonka
Zvonko,Zvonko
Žaklina,Žaklina
Žanka,Žanka
Žarko,Žarko
Želimir,Želimire
Želimirka,Želimirka
Željana,Željana
Željka,Željka
Željko,Željko
Žika,Žiko
Žikica,Žikice
Žitomir,Žitomire
Živa,Živo
Živadin,Živadine
Živadinka,Živadinka
Živan,Živane
Živana,Živana
Živanka,Živanka
Živanko,Živanko
Živica,Živice
Živka,Živka
Živkica,Živkice
Živko,Živko
Živodarka,Živodarka
Živoin,Živoine
Živoje,Živoje
Živojin,Živojine
Živoljub,Živoljube
Živomir,Živomire
Živomirka,Živomirka
Živorad,Živorade
Živoratka,Živoratka
Živoslav,Živoslave
Živoslava,Živoslava
Živoslavka,Živoslavka
Života,Života
Životije,Životije